<?xml version="1.0" encoding="utf-8"?>
<extension version="3.4" type="plugin" method="upgrade" group="system">
	<name>PLG_JOOAG_SHARIFF</name>
	<author>Ufuk Avcu</author>
	<creationDate>13.09.2015</creationDate>
	<copyright>Copyright (C) 2009 - 2015 Joomla Agency. All rights reserved.</copyright>
	<license>GNU General Public License version 2 or later; see LICENSE.txt</license>
	<authorEmail>info@joomla-agentur.de</authorEmail>
	<authorUrl>www.joomla-agentur.de</authorUrl>
	<version>3.2.8</version>
	<description>PLG_JOOAG_SHARIFF_XML_DESCRIPTION</description>

	<scriptfile>script.jooag_shariff.php</scriptfile>
	
	<files>
		<folder>backend</folder>
		<folder>css</folder>
		<folder>fields</folder>
		<folder>js</folder>
		<folder>language</folder>
		<filename plugin="jooag_shariff">jooag_shariff.php</filename>
		<filename plugin="jooag_shariff">README.md</filename>
	</files>
	
	<media folder="media" destination="plg_jooag_shariff">
		<folder>css</folder>
		<folder>js</folder>
	</media>
	
	<languages folder="language">
		<language tag="en-GB">en-GB/en-GB.plg_system_jooag_shariff.ini</language>
		<language tag="en-GB">en-GB/en-GB.plg_system_jooag_shariff.sys.ini</language>
		<language tag="de-DE">de-DE/de-DE.plg_system_jooag_shariff.ini</language>
		<language tag="de-DE">de-DE/de-DE.plg_system_jooag_shariff.sys.ini</language>
	</languages>
	
	<config>
		<fields name="params">
			<fieldset name="basic" addfieldpath="/plugins/system/jooag_shariff/fields">
				<field type="spacer" name="spacer_LABEL_CHOOSE_ICONS" label="PLG_JOOAG_SHARIFF_LABEL_CHOOSE_ICONS" />
				<field name="data_services" type="Repeatable" icon="list" label="PLG_JOOAG_SHARIFF_SERVICES" default="{'services':['Twitter','Facebook','GooglePlus','LinkedIn','Pinterest','Xing','Whatsapp','Mail','Info']}">
					<fieldset hidden="true" name="list_templates_modal" repeat="true">
						<field name="services" label="PLG_JOOAG_SHARIFF_SERVICES" type="list" >
						<option>PLG_JOOAG_SHARIFF_CHOOSE_A_SERVICE</option>
						<option value="Twitter">Twitter</option>
						<option value="Facebook">Facebook</option>
						<option value="GooglePlus">Google+</option>
						<option value="LinkedIn">LinkedIn</option>
						<option value="Pinterest">Pinterest</option>
						<option value="Xing">Xing</option>
						<option value="Whatsapp">Whatsapp</option>
						<option value="AddThis">AddThis</option>
						<option value="Mail">Mail</option>
						<option value="Info">Info</option>
						</field>
					</fieldset>
				</field>
				<field type="spacer" name="spacer_LABEL_FB_API" label="PLG_JOOAG_SHARIFF_LABEL_FB_API" />
				<field name="fb_secret" type="input" label="PLG_JOOAG_SHARIFF_FB_SECRET"/>
				<field name="fb_app_id" type="input" label="PLG_JOOAG_SHARIFF_FB_APP_ID"/>
				<field type="spacer" name="spacer_LABEL_INFO_BUTTON" label="PLG_JOOAG_SHARIFF_LABEL_INFO_BUTTON" />
				<field name="data_info_url" type="modal_article" label="PLG_JOOAG_SHARIFF_INFO_BUTTON_ARTICLE"/>
				<field type="spacer" name="PLG_JOOAG_SHARIFF_LABEL_MAIL_BUTTON" label="PLG_JOOAG_SHARIFF_LABEL_MAIL_BUTTON" />
				<field name="data_mail_url" type="input" label="PLG_JOOAG_SHARIFF_MAIL" />
				<field type="spacer" name="data-mail-spacer" label="PLG_JOOAG_SHARIFF_MAIL_DESC" class="alert alert-error" />
				<field type="spacer" name="PLG_JOOAG_SHARIFF_LABEL_CHOOSE_POSITION" label="PLG_JOOAG_SHARIFF_LABEL_CHOOSE_POSITION" />
				<field name="position" label="PLG_JOOAG_SHARIFF_POSITION" type="list" class="btn-group" default="1" >
					<option value="1">PLG_JOOAG_SHARIFF_CONTENT_TOP</option>
					<option value="2">PLG_JOOAG_SHARIFF_CONTENT_BOTTOM</option>
					<option value="3">PLG_JOOAG_SHARIFF_ONLY_IN_MODULE</option>
					</field>
				<field name="wheretoshow" showon="position:1,2" label="PLG_JOOAG_SHARIFF_SHOW" type="list" class="btn-group" default="1" >
					<option value="1">PLG_JOOAG_SHARIFF_SHOW_EVERYWHERE</option>
					<option value="2">PLG_JOOAG_SHARIFF_SHOW_CAT_MENU</option>
					<option value="3">PLG_JOOAG_SHARIFF_HIDE_CAT_MENU</option>
					</field>
				<field name="showbycategory" showon="position:1,2" type="category" multiple="true" extension="com_content" label="PLG_JOOAG_SHARIFF_CATEGORIES" />
				<field name="showbymenu" showon="position:1,2" type="menuitem" multiple="true" label="PLG_JOOAG_SHARIFF_MENU_ITEMS" />
				<field type="spacer" name="myspacer" showon="position:3" label="PLG_JOOAG_SHARIFF_POSITION_DESC" class="alert alert-info" />
				<field type="spacer" name="PLG_JOOAG_SHARIFF_LABEL_STYLING" label="PLG_JOOAG_SHARIFF_LABEL_STYLING" />
				<field name="data_orientation" label="PLG_JOOAG_SHARIFF_ORIENATATION" type="list" class="btn-group" default="horizontal">
					<option value="horizontal">PLG_JOOAG_SHARIFF_HORIZONTAL</option>
					<option value="vertical">PLG_JOOAG_SHARIFF_VERTICAL</option>
					</field>
				<field name="data_theme" label="PLG_JOOAG_SHARIFF_THEME" type="list" class="btn-group" default="color" >
					<option value="color">PLG_JOOAG_SHARIFF_COLOR</option>
					<option value="grey">PLG_JOOAG_SHARIFF_GREY</option>
					<option value="white">PLG_JOOAG_SHARIFF_WHITE</option>
					</field>
			</fieldset>
			<fieldset name="PLG_JOOAG_SHARIFF_EXPERTS">
				<field name="shariffcss" type="filelist" default="shariff.complete.css" label="PLG_JOOAG_SHARIFF_CSS" directory="media/plg_jooag_shariff/css" filter="css" hide_none="true" hide_default="true" />
				<field name="shariffjs" type="filelist" default="shariff.min.js" label="PLG_JOOAG_SHARIFF_JS" directory="media/plg_jooag_shariff/js" filter="js" hide_none="true" hide_default="true" />
				<field type="spacer" name="labelcssjs" label="PLG_JOOAG_SHARIFF_COMPLETE_OR_MIN" class="alert alert-info" />
				<field name="data_backend_url" label="PLG_JOOAG_SHARIFF_SHARE_COUNTER_BACKEND" type="list" class="btn-group" default="1">
					<option value="0">PLG_JOOAG_SHARIFF_DISABLED</option>
					<option value="1">PLG_JOOAG_SHARIFF_ENABLED</option>
					</field>
				<field name="cache_time" type="number" default="60" label="PLG_JOOAG_SHARIFF_CACHE_TIME" step="10" />	
				<field name="cache" label="PLG_JOOAG_SHARIFF_CACHE" type="list" class="btn-group" default="0">
					<option value="0">PLG_JOOAG_SHARIFF_DISABLED</option>
					<option value="1">PLG_JOOAG_SHARIFF_ENABLED</option>
					</field>
				<field name="cache_handler" showon="cache:1" type="cachehandler"	default="" label="PLG_JOOAG_SHARIFF_CACHE_HANDLER">
					</field>
			</fieldset>	
		</fields>
	</config>

	<updateservers>
		<server type="extension" priority="1" name="JooAg Shariff Update"><![CDATA[http://joomla-agentur.de/index.php?option=com_ars&view=update&task=stream&format=xml&id=1]]></server>
	</updateservers>
</extension>
